<?xml version="1.0" encoding="UTF-8"?>
<project-private xmlns="http://www.netbeans.org/ns/project-private/1">
    <editor-bookmarks xmlns="http://www.netbeans.org/ns/editor-bookmarks/2" lastBookmarkId="0"/>
    <open-files xmlns="http://www.netbeans.org/ns/projectui-open-files/2">
        <group>
            <file>file:/home/angel/Documentos/git/Sistemas%20inteligentes/system-intelligent/Project_system_intelligent/Nummernerkennung/src/Tecnicas_IA/AlgoritmosGeneticos/Regla.java</file>
            <file>file:/home/angel/Documentos/git/Sistemas%20inteligentes/system-intelligent/Project_system_intelligent/Nummernerkennung/src/Mundo/Erkennung_Nummern.java</file>
            <file>file:/home/angel/Documentos/git/Sistemas%20inteligentes/system-intelligent/Project_system_intelligent/Nummernerkennung/src/Tecnicas_IA/AlgoritmosGeneticos/LCS.java</file>
            <file>file:/home/angel/Documentos/git/Sistemas%20inteligentes/system-intelligent/Project_system_intelligent/Nummernerkennung/src/Agente/Agente.java</file>
            <file>file:/home/angel/Documentos/git/Sistemas%20inteligentes/system-intelligent/Project_system_intelligent/Nummernerkennung/src/Utilities/Utilities.java</file>
        </group>
    </open-files>
</project-private>
